[
  {
    "model": "diagnostic.survey",
    "pk": 1,
    "fields": {
      "name": "The Hamilton Rating Scale for Depression",
      "short_name": "HAM-D"
    }
  },
  {
    "model": "diagnostic.survey",
    "pk": 2,
    "fields": {
      "name": "Beck Depression Inventory",
      "short_name": "BDI"
    }
  },
  {
    "model": "diagnostic.question",
    "pk": 1,
    "fields": {
      "survey": 1,
      "text": "DEPRESSED MOOD",
      "label": "Sadness, hopeless, helpless, worthless",
      "order": 1
    }
  },
  {
    "model": "diagnostic.question",
    "pk": 2,
    "fields": {
      "survey": 1,
      "text": "FEELINGS OF GUILT",
      "label": "",
      "order": 2
    }
  },
  {
    "model": "diagnostic.question",
    "pk": 3,
    "fields": {
      "survey": 1,
      "text": "SUICIDE",
      "label": "",
      "order": 3
    }
  },
  {
    "model": "diagnostic.question",
    "pk": 4,
    "fields": {
      "survey": 1,
      "text": "INSOMNIA EARLY",
      "label": "",
      "order": 4
    }
  },
  {
    "model": "diagnostic.question",
    "pk": 5,
    "fields": {
      "survey": 1,
      "text": "INSOMNIA MIDDLE",
      "label": "",
      "order": 5
    }
  },
  {
    "model": "diagnostic.question",
    "pk": 6,
    "fields": {
      "survey": 1,
      "text": "INSOMNIA LATE",
      "label": "",
      "order": 6
    }
  },
  {
    "model": "diagnostic.question",
    "pk": 7,
    "fields": {
      "survey": 1,
      "text": "WORK AND ACTIVITIES",
      "label": "",
      "order": 7
    }
  },
  {
    "model": "diagnostic.question",
    "pk": 8,
    "fields": {
      "survey": 1,
      "text": "RETARDATION: PSYCHOMOTOR",
      "label": "Slowness of though and speech; impaired ability to concentrate; decreased motor activity",
      "order": 8
    }
  },
  {
    "model": "diagnostic.question",
    "pk": 9,
    "fields": {
      "survey": 1,
      "text": "AGITATION",
      "label": "",
      "order": 9
    }
  },
  {
    "model": "diagnostic.question",
    "pk": 10,
    "fields": {
      "survey": 1,
      "text": "ANXIETY (PSYCHOLOGICAL)",
      "label": "",
      "order": 10
    }
  },
  {
    "model": "diagnostic.question",
    "pk": 11,
    "fields": {
      "survey": 1,
      "text": "ANXIETY SOMATIC",
      "label": "Physiological concomitants of anxiety, avoid asking about possible medication side effects",
      "order": 11
    }
  },
  {
    "model": "diagnostic.question",
    "pk": 12,
    "fields": {
      "survey": 1,
      "text": "SOMATIC SYMPTOMS (GASTROINTESTINAL)",
      "label": "",
      "order": 12
    }
  },
  {
    "model": "diagnostic.question",
    "pk": 13,
    "fields": {
      "survey": 1,
      "text": "SOMATIC SYMPTOMS GENERAL",
      "label": "",
      "order": 13
    }
  },
  {
    "model": "diagnostic.question",
    "pk": 14,
    "fields": {
      "survey": 1,
      "text": "GENITAL SYMPTOMS",
      "label": "Loss of libido; impaired sexual performance; menstrual disturbances",
      "order": 14
    }
  },
  {
    "model": "diagnostic.question",
    "pk": 15,
    "fields": {
      "survey": 1,
      "text": "HYPOCHONDRIASIS",
      "label": "",
      "order": 15
    }
  },
  {
    "model": "diagnostic.question",
    "pk": 16,
    "fields": {
      "survey": 1,
      "text": "LOSS OF WEIGHT",
      "label": "",
      "order": 16
    }
  },
  {
    "model": "diagnostic.question",
    "pk": 17,
    "fields": {
      "survey": 1,
      "text": "INSIGHT",
      "label": "",
      "order": 17
    }
  },
  {
    "model": "diagnostic.question",
    "pk": 18,
    "fields": {
      "survey": 1,
      "text": "DIURNAL VARIATION - A",
      "label": "Note whether symptoms are worse in morning or evening. If NO diurnal variation, mark none",
      "order": 18
    }
  },
  {
    "model": "diagnostic.question",
    "pk": 19,
    "fields": {
      "survey": 1,
      "text": "DEPERSONALIZATION AND DEREALIZATION",
      "label": "Feelings of unreality; Nihilistic ideas",
      "order": 19
    }
  },
  {
    "model": "diagnostic.question",
    "pk": 20,
    "fields": {
      "survey": 1,
      "text": "PARANOID SYMPTOMS",
      "label": "",
      "order": 20
    }
  },
  {
    "model": "diagnostic.question",
    "pk": 21,
    "fields": {
      "survey": 1,
      "text": "OBSESSIONAL AND COMPULSIVE SYMPTOMS",
      "label": "",
      "order": 21
    }
  },
  {
    "model": "diagnostic.question",
    "pk": 22,
    "fields": {
      "survey": 1,
      "text": "DIURNAL VARIATION - B",
      "label": "When present, mark the severity of the variation. Mark \u201cNone\u201d if NO variation",
      "order": 18
    }
  },
  {
    "model": "diagnostic.question",
    "pk": 23,
    "fields": {
      "survey": 2,
      "text": "Question 1",
      "label": "",
      "order": 1
    }
  },
  {
    "model": "diagnostic.question",
    "pk": 24,
    "fields": {
      "survey": 2,
      "text": "Question 2",
      "label": "",
      "order": 2
    }
  },
  {
    "model": "diagnostic.question",
    "pk": 25,
    "fields": {
      "survey": 2,
      "text": "Question 3",
      "label": "",
      "order": 3
    }
  },
  {
    "model": "diagnostic.question",
    "pk": 26,
    "fields": {
      "survey": 2,
      "text": "Question 4",
      "label": "",
      "order": 4
    }
  },
  {
    "model": "diagnostic.question",
    "pk": 27,
    "fields": {
      "survey": 2,
      "text": "Question 5",
      "label": "",
      "order": 5
    }
  },
  {
    "model": "diagnostic.question",
    "pk": 28,
    "fields": {
      "survey": 2,
      "text": "Question 6",
      "label": "",
      "order": 6
    }
  },
  {
    "model": "diagnostic.question",
    "pk": 29,
    "fields": {
      "survey": 2,
      "text": "Question 7",
      "label": "",
      "order": 7
    }
  },
  {
    "model": "diagnostic.question",
    "pk": 30,
    "fields": {
      "survey": 2,
      "text": "Question 8",
      "label": "",
      "order": 8
    }
  },
  {
    "model": "diagnostic.question",
    "pk": 31,
    "fields": {
      "survey": 2,
      "text": "Question 9",
      "label": "",
      "order": 9
    }
  },
  {
    "model": "diagnostic.question",
    "pk": 32,
    "fields": {
      "survey": 2,
      "text": "Question 10",
      "label": "",
      "order": 10
    }
  },
  {
    "model": "diagnostic.question",
    "pk": 33,
    "fields": {
      "survey": 2,
      "text": "Question 11",
      "label": "",
      "order": 11
    }
  },
  {
    "model": "diagnostic.question",
    "pk": 34,
    "fields": {
      "survey": 2,
      "text": "Question 12",
      "label": "",
      "order": 12
    }
  },
  {
    "model": "diagnostic.question",
    "pk": 35,
    "fields": {
      "survey": 2,
      "text": "Question 13",
      "label": "",
      "order": 13
    }
  },
  {
    "model": "diagnostic.question",
    "pk": 36,
    "fields": {
      "survey": 2,
      "text": "Question 14",
      "label": "",
      "order": 14
    }
  },
  {
    "model": "diagnostic.question",
    "pk": 37,
    "fields": {
      "survey": 2,
      "text": "Question 15",
      "label": "",
      "order": 15
    }
  },
  {
    "model": "diagnostic.question",
    "pk": 38,
    "fields": {
      "survey": 2,
      "text": "Question 16",
      "label": "",
      "order": 16
    }
  },
  {
    "model": "diagnostic.question",
    "pk": 39,
    "fields": {
      "survey": 2,
      "text": "Question 17",
      "label": "",
      "order": 17
    }
  },
  {
    "model": "diagnostic.question",
    "pk": 40,
    "fields": {
      "survey": 2,
      "text": "Question 18",
      "label": "",
      "order": 18
    }
  },
  {
    "model": "diagnostic.question",
    "pk": 41,
    "fields": {
      "survey": 2,
      "text": "Question 19",
      "label": "",
      "order": 19
    }
  },
  {
    "model": "diagnostic.question",
    "pk": 42,
    "fields": {
      "survey": 2,
      "text": "Question 20",
      "label": "",
      "order": 20
    }
  },
  {
    "model": "diagnostic.question",
    "pk": 43,
    "fields": {
      "survey": 2,
      "text": "Question 21",
      "label": "",
      "order": 21
    }
  },
  {
    "model": "diagnostic.answer",
    "pk": 3,
    "fields": {
      "value": 0,
      "response": "Absent",
      "question": 2
    }
  },
  {
    "model": "diagnostic.answer",
    "pk": 4,
    "fields": {
      "value": 0,
      "response": "Absent",
      "question": 3
    }
  },
  {
    "model": "diagnostic.answer",
    "pk": 5,
    "fields": {
      "value": 0,
      "response": "Absent",
      "question": 11
    }
  },
  {
    "model": "diagnostic.answer",
    "pk": 6,
    "fields": {
      "value": 0,
      "response": "Absent",
      "question": 14
    }
  },
  {
    "model": "diagnostic.answer",
    "pk": 7,
    "fields": {
      "value": 0,
      "response": "Absent",
      "question": 1
    }
  },
  {
    "model": "diagnostic.answer",
    "pk": 9,
    "fields": {
      "value": 2,
      "response": "These feelings are spontaneously reported verbally",
      "question": 1
    }
  },
  {
    "model": "diagnostic.answer",
    "pk": 10,
    "fields": {
      "value": 3,
      "response": "Communicates feelings non-verbally i.e., through facial expression, posture, voice, and tendency to weep",
      "question": 1
    }
  },
  {
    "model": "diagnostic.answer",
    "pk": 11,
    "fields": {
      "value": 4,
      "response": "Patient reports VIRTUALLY ONLY these feelings in his spontaneous verbal and non-verbal communication",
      "question": 1
    }
  },
  {
    "model": "diagnostic.answer",
    "pk": 13,
    "fields": {
      "value": 1,
      "response": "Self reproach, feels he has let people down",
      "question": 2
    }
  },
  {
    "model": "diagnostic.answer",
    "pk": 14,
    "fields": {
      "value": 2,
      "response": "Ideas of guilt or rumination over past errors or sinful deed",
      "question": 2
    }
  },
  {
    "model": "diagnostic.answer",
    "pk": 15,
    "fields": {
      "value": 3,
      "response": "Present illness is a punishmnent. Delusions of guilt",
      "question": 2
    }
  },
  {
    "model": "diagnostic.answer",
    "pk": 16,
    "fields": {
      "value": 4,
      "response": "Hears accusatory or denunciatory voices and/or experiences threatening visual hallucinations",
      "question": 2
    }
  },
  {
    "model": "diagnostic.answer",
    "pk": 22,
    "fields": {
      "value": 0,
      "response": "No difficulty falling asleep",
      "question": 4
    }
  },
  {
    "model": "diagnostic.answer",
    "pk": 23,
    "fields": {
      "value": 1,
      "response": "Complains of occasional difficulty falling asleep - more than 1/2 hour",
      "question": 4
    }
  },
  {
    "model": "diagnostic.answer",
    "pk": 24,
    "fields": {
      "value": 2,
      "response": "Complains of nightly difficulty falling asleep",
      "question": 4
    }
  },
  {
    "model": "diagnostic.answer",
    "pk": 38,
    "fields": {
      "value": 1,
      "response": "Feels life is not worth living",
      "question": 3
    }
  },
  {
    "model": "diagnostic.answer",
    "pk": 39,
    "fields": {
      "value": 2,
      "response": "Wishes he were dead or any thoughts of possible death to self",
      "question": 3
    }
  },
  {
    "model": "diagnostic.answer",
    "pk": 40,
    "fields": {
      "value": 3,
      "response": "Suicide ideas or gesture",
      "question": 3
    }
  },
  {
    "model": "diagnostic.answer",
    "pk": 41,
    "fields": {
      "value": 4,
      "response": "Attempts at suicide (any serious attempt rates)",
      "question": 3
    }
  },
  {
    "model": "diagnostic.answer",
    "pk": 45,
    "fields": {
      "value": 0,
      "response": "No difficulty",
      "question": 5
    }
  },
  {
    "model": "diagnostic.answer",
    "pk": 46,
    "fields": {
      "value": 1,
      "response": "Patient complains of being restless and disturbed during the night",
      "question": 5
    }
  },
  {
    "model": "diagnostic.answer",
    "pk": 47,
    "fields": {
      "value": 0,
      "response": "Waking during the night - any getting out of bed (except for purposes of voiding)",
      "question": 5
    }
  },
  {
    "model": "diagnostic.answer",
    "pk": 48,
    "fields": {
      "value": 0,
      "response": "No difficulty",
      "question": 6
    }
  },
  {
    "model": "diagnostic.answer",
    "pk": 49,
    "fields": {
      "value": 1,
      "response": "Waking in early hours of the morning but goes back to sleep",
      "question": 6
    }
  },
  {
    "model": "diagnostic.answer",
    "pk": 50,
    "fields": {
      "value": 2,
      "response": "Unable to fall asleep again if he gets out of bed",
      "question": 6
    }
  },
  {
    "model": "diagnostic.answer",
    "pk": 51,
    "fields": {
      "value": 0,
      "response": "No difficulty",
      "question": 7
    }
  },
  {
    "model": "diagnostic.answer",
    "pk": 52,
    "fields": {
      "value": 1,
      "response": "Thoughts and feelings of incapacity, fatigue or weakness related to activities (work or hobbies)",
      "question": 7
    }
  },
  {
    "model": "diagnostic.answer",
    "pk": 53,
    "fields": {
      "value": 2,
      "response": "Loss of interest in activities (hobbies or work) - either directly reported by patient, or indirectly in listlessness, indecision and vacillation (feels he has to push himself to work or do activities)",
      "question": 7
    }
  },
  {
    "model": "diagnostic.answer",
    "pk": 54,
    "fields": {
      "value": 3,
      "response": "Decrease in actual time spent in activities or decrease in productivity. In hospital, if patient does not spend at least three hours a day in activities (hospital job or hobbies) exclusive of ward chores",
      "question": 7
    }
  },
  {
    "model": "diagnostic.answer",
    "pk": 55,
    "fields": {
      "value": 4,
      "response": "Stopped working because of present illness. In hospital, if patient engages in no activities except ward chores, or if patient fails to perform ward chores unassisted",
      "question": 7
    }
  },
  {
    "model": "diagnostic.answer",
    "pk": 56,
    "fields": {
      "value": 0,
      "response": "Normal speech and thought",
      "question": 8
    }
  },
  {
    "model": "diagnostic.answer",
    "pk": 57,
    "fields": {
      "value": 1,
      "response": "Slight retardation at interview",
      "question": 8
    }
  },
  {
    "model": "diagnostic.answer",
    "pk": 58,
    "fields": {
      "value": 2,
      "response": "Obvious retardation at interview",
      "question": 8
    }
  },
  {
    "model": "diagnostic.answer",
    "pk": 59,
    "fields": {
      "value": 3,
      "response": "Interview difficult",
      "question": 8
    }
  },
  {
    "model": "diagnostic.answer",
    "pk": 60,
    "fields": {
      "value": 4,
      "response": "Complete stupor",
      "question": 8
    }
  },
  {
    "model": "diagnostic.answer",
    "pk": 61,
    "fields": {
      "value": 0,
      "response": "None",
      "question": 9
    }
  },
  {
    "model": "diagnostic.answer",
    "pk": 62,
    "fields": {
      "value": 1,
      "response": "Fidgetiness",
      "question": 9
    }
  },
  {
    "model": "diagnostic.answer",
    "pk": 63,
    "fields": {
      "value": 2,
      "response": "Playing with hands, hair, etc",
      "question": 9
    }
  },
  {
    "model": "diagnostic.answer",
    "pk": 64,
    "fields": {
      "value": 3,
      "response": "Moving about, can\u2019t sit still",
      "question": 9
    }
  },
  {
    "model": "diagnostic.answer",
    "pk": 65,
    "fields": {
      "value": 4,
      "response": "Hand wringing, nail biting, hair-pulling, biting of lips",
      "question": 9
    }
  },
  {
    "model": "diagnostic.answer",
    "pk": 66,
    "fields": {
      "value": 0,
      "response": "No difficulty",
      "question": 10
    }
  },
  {
    "model": "diagnostic.answer",
    "pk": 67,
    "fields": {
      "value": 1,
      "response": "Subjective tension and irritability",
      "question": 10
    }
  },
  {
    "model": "diagnostic.answer",
    "pk": 68,
    "fields": {
      "value": 2,
      "response": "Worrying about minor matters",
      "question": 10
    }
  },
  {
    "model": "diagnostic.answer",
    "pk": 69,
    "fields": {
      "value": 3,
      "response": "Apprehensive attitude apparent in face or speech",
      "question": 10
    }
  },
  {
    "model": "diagnostic.answer",
    "pk": 70,
    "fields": {
      "value": 4,
      "response": "Fears expressed without questioning",
      "question": 10
    }
  },
  {
    "model": "diagnostic.answer",
    "pk": 73,
    "fields": {
      "value": 1,
      "response": "Mild",
      "question": 11
    }
  },
  {
    "model": "diagnostic.answer",
    "pk": 74,
    "fields": {
      "value": 2,
      "response": "Moderate",
      "question": 11
    }
  },
  {
    "model": "diagnostic.answer",
    "pk": 75,
    "fields": {
      "value": 3,
      "response": "Severe",
      "question": 11
    }
  },
  {
    "model": "diagnostic.answer",
    "pk": 76,
    "fields": {
      "value": 4,
      "response": "Incapacitating",
      "question": 11
    }
  },
  {
    "model": "diagnostic.answer",
    "pk": 78,
    "fields": {
      "value": 0,
      "response": "None",
      "question": 12
    }
  },
  {
    "model": "diagnostic.answer",
    "pk": 79,
    "fields": {
      "value": 1,
      "response": "Loss of appetite but eating without encouragement from others. Food intake about normal",
      "question": 12
    }
  },
  {
    "model": "diagnostic.answer",
    "pk": 80,
    "fields": {
      "value": 2,
      "response": "Difficulty eating without urging from others. Marked reduction of appetite and food intake",
      "question": 12
    }
  },
  {
    "model": "diagnostic.answer",
    "pk": 81,
    "fields": {
      "value": 0,
      "response": "None",
      "question": 13
    }
  },
  {
    "model": "diagnostic.answer",
    "pk": 82,
    "fields": {
      "value": 1,
      "response": "Heaviness in limbs, back or head. Backaches, headache, muscle aches. Loss of energy and fatigability",
      "question": 13
    }
  },
  {
    "model": "diagnostic.answer",
    "pk": 83,
    "fields": {
      "value": 2,
      "response": "Any clear-cut symptom rates 2",
      "question": 13
    }
  },
  {
    "model": "diagnostic.answer",
    "pk": 85,
    "fields": {
      "value": 1,
      "response": "Mild",
      "question": 14
    }
  },
  {
    "model": "diagnostic.answer",
    "pk": 86,
    "fields": {
      "value": 2,
      "response": "Severe",
      "question": 14
    }
  },
  {
    "model": "diagnostic.answer",
    "pk": 87,
    "fields": {
      "value": 0,
      "response": "Not present",
      "question": 15
    }
  },
  {
    "model": "diagnostic.answer",
    "pk": 88,
    "fields": {
      "value": 1,
      "response": "Self-absorption (bodily)",
      "question": 15
    }
  },
  {
    "model": "diagnostic.answer",
    "pk": 89,
    "fields": {
      "value": 2,
      "response": "Preoccupation with health",
      "question": 15
    }
  },
  {
    "model": "diagnostic.answer",
    "pk": 90,
    "fields": {
      "value": 3,
      "response": "Frequent complaints, requests for help, etc.",
      "question": 15
    }
  },
  {
    "model": "diagnostic.answer",
    "pk": 91,
    "fields": {
      "value": 4,
      "response": "Hypochondriacal delusions",
      "question": 15
    }
  },
  {
    "model": "diagnostic.answer",
    "pk": 92,
    "fields": {
      "value": 0,
      "response": "No weight loss",
      "question": 16
    }
  },
  {
    "model": "diagnostic.answer",
    "pk": 93,
    "fields": {
      "value": 1,
      "response": "Probably weight loss associated with present illness",
      "question": 16
    }
  },
  {
    "model": "diagnostic.answer",
    "pk": 94,
    "fields": {
      "value": 2,
      "response": "Definite (according to patient) weight loss",
      "question": 16
    }
  },
  {
    "model": "diagnostic.answer",
    "pk": 95,
    "fields": {
      "value": 3,
      "response": "Not assessed",
      "question": 16
    }
  },
  {
    "model": "diagnostic.answer",
    "pk": 96,
    "fields": {
      "value": 0,
      "response": "Acknowledges being depressed and ill",
      "question": 17
    }
  },
  {
    "model": "diagnostic.answer",
    "pk": 97,
    "fields": {
      "value": 1,
      "response": "Acknowledges illness but attributes cause to bad food, climate, overwork, virus, need for rest, etc.",
      "question": 17
    }
  },
  {
    "model": "diagnostic.answer",
    "pk": 98,
    "fields": {
      "value": 2,
      "response": "Denies being ill at all",
      "question": 17
    }
  },
  {
    "model": "diagnostic.answer",
    "pk": 99,
    "fields": {
      "value": 0,
      "response": "No variation",
      "question": 18
    }
  },
  {
    "model": "diagnostic.answer",
    "pk": 100,
    "fields": {
      "value": 1,
      "response": "Worse in A.M.",
      "question": 18
    }
  },
  {
    "model": "diagnostic.answer",
    "pk": 101,
    "fields": {
      "value": 2,
      "response": "Worse in P.M.",
      "question": 18
    }
  },
  {
    "model": "diagnostic.answer",
    "pk": 102,
    "fields": {
      "value": 0,
      "response": "None",
      "question": 22
    }
  },
  {
    "model": "diagnostic.answer",
    "pk": 103,
    "fields": {
      "value": 1,
      "response": "Mild",
      "question": 22
    }
  },
  {
    "model": "diagnostic.answer",
    "pk": 104,
    "fields": {
      "value": 2,
      "response": "Severe",
      "question": 22
    }
  },
  {
    "model": "diagnostic.answer",
    "pk": 105,
    "fields": {
      "value": 0,
      "response": "Absent",
      "question": 19
    }
  },
  {
    "model": "diagnostic.answer",
    "pk": 106,
    "fields": {
      "value": 1,
      "response": "Mild",
      "question": 19
    }
  },
  {
    "model": "diagnostic.answer",
    "pk": 107,
    "fields": {
      "value": 2,
      "response": "Moderate",
      "question": 19
    }
  },
  {
    "model": "diagnostic.answer",
    "pk": 108,
    "fields": {
      "value": 3,
      "response": "Severe",
      "question": 19
    }
  },
  {
    "model": "diagnostic.answer",
    "pk": 109,
    "fields": {
      "value": 4,
      "response": "Incapacitating",
      "question": 19
    }
  },
  {
    "model": "diagnostic.answer",
    "pk": 110,
    "fields": {
      "value": 0,
      "response": "None",
      "question": 20
    }
  },
  {
    "model": "diagnostic.answer",
    "pk": 111,
    "fields": {
      "value": 1,
      "response": "Suspicious",
      "question": 20
    }
  },
  {
    "model": "diagnostic.answer",
    "pk": 112,
    "fields": {
      "value": 2,
      "response": "Ideas of reference",
      "question": 20
    }
  },
  {
    "model": "diagnostic.answer",
    "pk": 113,
    "fields": {
      "value": 3,
      "response": "Delusions of reference and persecution",
      "question": 20
    }
  },
  {
    "model": "diagnostic.answer",
    "pk": 114,
    "fields": {
      "value": 0,
      "response": "Absent",
      "question": 21
    }
  },
  {
    "model": "diagnostic.answer",
    "pk": 115,
    "fields": {
      "value": 1,
      "response": "Mild",
      "question": 21
    }
  },
  {
    "model": "diagnostic.answer",
    "pk": 116,
    "fields": {
      "value": 2,
      "response": "Severe",
      "question": 21
    }
  },
  {
    "model": "diagnostic.answer",
    "pk": 117,
    "fields": {
      "value": 1,
      "response": "These feeling states indicated only on questioning",
      "question": 1
    }
  },
  {
    "model": "diagnostic.answer",
    "pk": 118,
    "fields": {
      "value": 0,
      "response": "I do not feel sad.",
      "question": 23
    }
  },
  {
    "model": "diagnostic.answer",
    "pk": 119,
    "fields": {
      "value": 1,
      "response": "I feel sad.",
      "question": 23
    }
  },
  {
    "model": "diagnostic.answer",
    "pk": 120,
    "fields": {
      "value": 2,
      "response": "I am sad all the time and I can't snap out of it.",
      "question": 23
    }
  },
  {
    "model": "diagnostic.answer",
    "pk": 121,
    "fields": {
      "value": 3,
      "response": "I am so sad or unhappy that I can't stand it.",
      "question": 23
    }
  },
  {
    "model": "diagnostic.answer",
    "pk": 122,
    "fields": {
      "value": 0,
      "response": "I am not particularly discouraged about the future.",
      "question": 24
    }
  },
  {
    "model": "diagnostic.answer",
    "pk": 123,
    "fields": {
      "value": 1,
      "response": "I feel discouraged about the future.",
      "question": 24
    }
  },
  {
    "model": "diagnostic.answer",
    "pk": 124,
    "fields": {
      "value": 2,
      "response": "I feel I have nothing to look forward to.",
      "question": 24
    }
  },
  {
    "model": "diagnostic.answer",
    "pk": 125,
    "fields": {
      "value": 3,
      "response": "I feel that the future is hopeless and that things cannot improve.",
      "question": 24
    }
  },
  {
    "model": "diagnostic.answer",
    "pk": 126,
    "fields": {
      "value": 0,
      "response": "I do not feel like a failure.",
      "question": 25
    }
  },
  {
    "model": "diagnostic.answer",
    "pk": 127,
    "fields": {
      "value": 1,
      "response": "I feel I have failed more than the average person.",
      "question": 25
    }
  },
  {
    "model": "diagnostic.answer",
    "pk": 128,
    "fields": {
      "value": 2,
      "response": "As I look back on my life, all I can see is a lot of failures.",
      "question": 25
    }
  },
  {
    "model": "diagnostic.answer",
    "pk": 129,
    "fields": {
      "value": 3,
      "response": "I feel I am a complete failure as a person.",
      "question": 25
    }
  },
  {
    "model": "diagnostic.answer",
    "pk": 130,
    "fields": {
      "value": 0,
      "response": "I get as much satisfaction out of things as I used to.",
      "question": 26
    }
  },
  {
    "model": "diagnostic.answer",
    "pk": 131,
    "fields": {
      "value": 1,
      "response": "I don't enjoy things the way I used to.",
      "question": 26
    }
  },
  {
    "model": "diagnostic.answer",
    "pk": 132,
    "fields": {
      "value": 2,
      "response": "I don't get real satisfaction out of anything anymore.",
      "question": 26
    }
  },
  {
    "model": "diagnostic.answer",
    "pk": 133,
    "fields": {
      "value": 3,
      "response": "I am dissatisfied or bored with everything.",
      "question": 26
    }
  },
  {
    "model": "diagnostic.answer",
    "pk": 134,
    "fields": {
      "value": 0,
      "response": "I don't feel particularly guilty.",
      "question": 27
    }
  },
  {
    "model": "diagnostic.answer",
    "pk": 135,
    "fields": {
      "value": 1,
      "response": "I feel guilty a good part of the time.",
      "question": 27
    }
  },
  {
    "model": "diagnostic.answer",
    "pk": 136,
    "fields": {
      "value": 2,
      "response": "I feel quite guilty most of the time.",
      "question": 27
    }
  },
  {
    "model": "diagnostic.answer",
    "pk": 137,
    "fields": {
      "value": 3,
      "response": "I feel guilty all of the time.",
      "question": 27
    }
  },
  {
    "model": "diagnostic.answer",
    "pk": 138,
    "fields": {
      "value": 0,
      "response": "I don't feel I am being punished.",
      "question": 28
    }
  },
  {
    "model": "diagnostic.answer",
    "pk": 139,
    "fields": {
      "value": 1,
      "response": "I feel I may be punished.",
      "question": 28
    }
  },
  {
    "model": "diagnostic.answer",
    "pk": 140,
    "fields": {
      "value": 2,
      "response": "I expect to be punished.",
      "question": 28
    }
  },
  {
    "model": "diagnostic.answer",
    "pk": 141,
    "fields": {
      "value": 3,
      "response": "I feel I am being punished.",
      "question": 28
    }
  },
  {
    "model": "diagnostic.answer",
    "pk": 142,
    "fields": {
      "value": 0,
      "response": "I don't feel disappointed in myself.",
      "question": 29
    }
  },
  {
    "model": "diagnostic.answer",
    "pk": 143,
    "fields": {
      "value": 1,
      "response": "I am disappointed in myself.",
      "question": 29
    }
  },
  {
    "model": "diagnostic.answer",
    "pk": 144,
    "fields": {
      "value": 2,
      "response": "I am disgusted with myself.",
      "question": 29
    }
  },
  {
    "model": "diagnostic.answer",
    "pk": 145,
    "fields": {
      "value": 3,
      "response": "I hate myself.",
      "question": 29
    }
  },
  {
    "model": "diagnostic.answer",
    "pk": 146,
    "fields": {
      "value": 0,
      "response": "I don't feel I am any worse than anybody else.",
      "question": 30
    }
  },
  {
    "model": "diagnostic.answer",
    "pk": 147,
    "fields": {
      "value": 1,
      "response": "I am critical of myself for my weaknesses  or mistakes.",
      "question": 30
    }
  },
  {
    "model": "diagnostic.answer",
    "pk": 148,
    "fields": {
      "value": 2,
      "response": "I blame myself all the time for my faults.",
      "question": 30
    }
  },
  {
    "model": "diagnostic.answer",
    "pk": 149,
    "fields": {
      "value": 3,
      "response": "I blame myself for everything bad that happen.",
      "question": 30
    }
  },
  {
    "model": "diagnostic.answer",
    "pk": 150,
    "fields": {
      "value": 0,
      "response": "I don't have any thoughts of killing myself.",
      "question": 31
    }
  },
  {
    "model": "diagnostic.answer",
    "pk": 151,
    "fields": {
      "value": 1,
      "response": "I have thoughts of killing myself, but I would not carry them out.",
      "question": 31
    }
  },
  {
    "model": "diagnostic.answer",
    "pk": 152,
    "fields": {
      "value": 2,
      "response": "I would like to kill myself.",
      "question": 31
    }
  },
  {
    "model": "diagnostic.answer",
    "pk": 153,
    "fields": {
      "value": 3,
      "response": "I would kill myself if I had the chance.",
      "question": 31
    }
  },
  {
    "model": "diagnostic.answer",
    "pk": 154,
    "fields": {
      "value": 0,
      "response": "I don't cry any more than usual.",
      "question": 32
    }
  },
  {
    "model": "diagnostic.answer",
    "pk": 155,
    "fields": {
      "value": 1,
      "response": "I cry more now than I used to.",
      "question": 32
    }
  },
  {
    "model": "diagnostic.answer",
    "pk": 156,
    "fields": {
      "value": 2,
      "response": "I cry all the time now.",
      "question": 32
    }
  },
  {
    "model": "diagnostic.answer",
    "pk": 157,
    "fields": {
      "value": 3,
      "response": "I used to be able to cry, but now I can't cry even though I want to.",
      "question": 32
    }
  },
  {
    "model": "diagnostic.answer",
    "pk": 158,
    "fields": {
      "value": 0,
      "response": "I am no more irritated now than I ever am.",
      "question": 33
    }
  },
  {
    "model": "diagnostic.answer",
    "pk": 159,
    "fields": {
      "value": 1,
      "response": "I get annoyed or irritated more easily than I used to.",
      "question": 33
    }
  },
  {
    "model": "diagnostic.answer",
    "pk": 160,
    "fields": {
      "value": 2,
      "response": "I feel irritated all the time now.",
      "question": 33
    }
  },
  {
    "model": "diagnostic.answer",
    "pk": 161,
    "fields": {
      "value": 3,
      "response": "I don't get irritated at all by the things that used to irritate me.",
      "question": 33
    }
  },
  {
    "model": "diagnostic.answer",
    "pk": 162,
    "fields": {
      "value": 0,
      "response": "I have not lost interest in other people.",
      "question": 34
    }
  },
  {
    "model": "diagnostic.answer",
    "pk": 163,
    "fields": {
      "value": 1,
      "response": "I am less interested in other people than I used to be.",
      "question": 34
    }
  },
  {
    "model": "diagnostic.answer",
    "pk": 164,
    "fields": {
      "value": 2,
      "response": "I have lost most of my interest in other people.",
      "question": 34
    }
  },
  {
    "model": "diagnostic.answer",
    "pk": 165,
    "fields": {
      "value": 3,
      "response": "I have lost all of my interest in other people.",
      "question": 34
    }
  },
  {
    "model": "diagnostic.answer",
    "pk": 166,
    "fields": {
      "value": 0,
      "response": "I make decisions about as well as I ever could.",
      "question": 35
    }
  },
  {
    "model": "diagnostic.answer",
    "pk": 167,
    "fields": {
      "value": 1,
      "response": "I put off making decisions more than I used to.",
      "question": 35
    }
  },
  {
    "model": "diagnostic.answer",
    "pk": 168,
    "fields": {
      "value": 2,
      "response": "I have greater difficulty in making decisions than before.",
      "question": 35
    }
  },
  {
    "model": "diagnostic.answer",
    "pk": 169,
    "fields": {
      "value": 3,
      "response": "I can't make decisions at all anymore.",
      "question": 35
    }
  },
  {
    "model": "diagnostic.answer",
    "pk": 170,
    "fields": {
      "value": 0,
      "response": "I don't feel I look any worse than I used to.",
      "question": 36
    }
  },
  {
    "model": "diagnostic.answer",
    "pk": 171,
    "fields": {
      "value": 1,
      "response": "I am worried that i am looking old or unattractive",
      "question": 36
    }
  },
  {
    "model": "diagnostic.answer",
    "pk": 172,
    "fields": {
      "value": 2,
      "response": "I feel that there are permanent changes in my appearance that make me look unattractive.",
      "question": 36
    }
  },
  {
    "model": "diagnostic.answer",
    "pk": 173,
    "fields": {
      "value": 3,
      "response": "I believe that I look ugly.",
      "question": 36
    }
  },
  {
    "model": "diagnostic.answer",
    "pk": 174,
    "fields": {
      "value": 0,
      "response": "I can work about as well as before.",
      "question": 37
    }
  },
  {
    "model": "diagnostic.answer",
    "pk": 175,
    "fields": {
      "value": 1,
      "response": "It takes an extra effort to get started at doing something",
      "question": 37
    }
  },
  {
    "model": "diagnostic.answer",
    "pk": 176,
    "fields": {
      "value": 2,
      "response": "I have to push myself very hard to do anything",
      "question": 37
    }
  },
  {
    "model": "diagnostic.answer",
    "pk": 177,
    "fields": {
      "value": 3,
      "response": "I can't do any work at all.",
      "question": 37
    }
  },
  {
    "model": "diagnostic.answer",
    "pk": 178,
    "fields": {
      "value": 0,
      "response": "I can sleep as well as usual.",
      "question": 38
    }
  },
  {
    "model": "diagnostic.answer",
    "pk": 179,
    "fields": {
      "value": 1,
      "response": "I don't sleep as well as I used to.",
      "question": 38
    }
  },
  {
    "model": "diagnostic.answer",
    "pk": 180,
    "fields": {
      "value": 2,
      "response": "| wake up 1-2 hours earlier than usual and find it hard to get back to sleep.",
      "question": 38
    }
  },
  {
    "model": "diagnostic.answer",
    "pk": 181,
    "fields": {
      "value": 3,
      "response": "I wake up several hours earlier than I used to and cannot get back to sleep.",
      "question": 38
    }
  },
  {
    "model": "diagnostic.answer",
    "pk": 182,
    "fields": {
      "value": 0,
      "response": "I don't get more tired than usual.",
      "question": 39
    }
  },
  {
    "model": "diagnostic.answer",
    "pk": 183,
    "fields": {
      "value": 1,
      "response": "I get tired more easily than I used to.",
      "question": 39
    }
  },
  {
    "model": "diagnostic.answer",
    "pk": 184,
    "fields": {
      "value": 2,
      "response": "I get tired from doing almost anything.",
      "question": 39
    }
  },
  {
    "model": "diagnostic.answer",
    "pk": 185,
    "fields": {
      "value": 3,
      "response": "I am too tired to do anything.",
      "question": 39
    }
  },
  {
    "model": "diagnostic.answer",
    "pk": 186,
    "fields": {
      "value": 0,
      "response": "My appetite is no worse than usual.",
      "question": 40
    }
  },
  {
    "model": "diagnostic.answer",
    "pk": 187,
    "fields": {
      "value": 1,
      "response": "My appetite is not as good as it used to be.",
      "question": 40
    }
  },
  {
    "model": "diagnostic.answer",
    "pk": 188,
    "fields": {
      "value": 2,
      "response": "My appetite is much worse now.",
      "question": 40
    }
  },
  {
    "model": "diagnostic.answer",
    "pk": 189,
    "fields": {
      "value": 3,
      "response": "I have no appetite at all anymore.",
      "question": 40
    }
  },
  {
    "model": "diagnostic.answer",
    "pk": 190,
    "fields": {
      "value": 0,
      "response": "I haven't lost much weight, if any, lately.",
      "question": 41
    }
  },
  {
    "model": "diagnostic.answer",
    "pk": 191,
    "fields": {
      "value": 1,
      "response": "I have lost more than 5 pounds.",
      "question": 41
    }
  },
  {
    "model": "diagnostic.answer",
    "pk": 192,
    "fields": {
      "value": 2,
      "response": "I have lost more than 10 pounds.",
      "question": 41
    }
  },
  {
    "model": "diagnostic.answer",
    "pk": 193,
    "fields": {
      "value": 3,
      "response": "I have lost more than 15 pounds.",
      "question": 41
    }
  },
  {
    "model": "diagnostic.answer",
    "pk": 194,
    "fields": {
      "value": 0,
      "response": "I am no more worried about my health than usual.",
      "question": 42
    }
  },
  {
    "model": "diagnostic.answer",
    "pk": 195,
    "fields": {
      "value": 1,
      "response": "I am worried about physical problems such as aches and pains; or upset stomach; or constipation.",
      "question": 42
    }
  },
  {
    "model": "diagnostic.answer",
    "pk": 196,
    "fields": {
      "value": 2,
      "response": "I am very worried about physical problems and it's hard to think of much else.",
      "question": 42
    }
  },
  {
    "model": "diagnostic.answer",
    "pk": 197,
    "fields": {
      "value": 3,
      "response": "I am so worried about my physical problems that I cannot think about anything else.",
      "question": 42
    }
  },
  {
    "model": "diagnostic.answer",
    "pk": 198,
    "fields": {
      "value": 0,
      "response": "I have not noticed any recent change in my interest in sex.",
      "question": 43
    }
  },
  {
    "model": "diagnostic.answer",
    "pk": 199,
    "fields": {
      "value": 1,
      "response": "I am less interested in sex than I used to be.",
      "question": 43
    }
  },
  {
    "model": "diagnostic.answer",
    "pk": 200,
    "fields": {
      "value": 2,
      "response": "I am much less interested in sex now.",
      "question": 43
    }
  },
  {
    "model": "diagnostic.answer",
    "pk": 201,
    "fields": {
      "value": 3,
      "response": "I have lost interest in sex completely.",
      "question": 43
    }
  }
]